{"cameraMode":{"drawMode":0,"name":"Shaded","section":"Shading Mode"},"sceneLighting":true,"audioPlay":false,"sceneViewState":{"showFog":true,"showMaterialUpdate":false,"showSkybox":true,"showFlares":true,"showImageEffects":true,"showParticleSystems":true},"in2DMode":false,"pivot":{"x":-0.8471370935440064,"y":1.2680418491363526,"z":2.3020341396331789},"rotation":{"x":0.0449507050216198,"y":-0.6847150325775147,"z":0.042368222028017047,"w":0.7261983752250671},"size":7.331933975219727,"orthographic":false}